id,fullName,email,nationalID,countryFlag,nationality
487,Jonas Schmedtmann,hello@jonas.io,3525436345,https://flagcdn.com/pt.svg,Portugal
488,Jonathan Smith,johnsmith@test.eu,4534593454,https://flagcdn.com/gb.svg,Great Britain
489,Jonatan Johansson,jonatan@example.com,9374074454,https://flagcdn.com/fi.svg,Finland
490,Jonas Mueller,jonas@example.eu,1233212288,https://flagcdn.com/de.svg,Germany
491,Jonas Anderson,anderson@example.com,0988520146,https://flagcdn.com/bo.svg,Bolivia (Plurinational State of)
492,Jonathan Williams,jowi@gmail.com,633678543,https://flagcdn.com/us.svg,United States of America
493,Emma Watson,emma@gmail.com,1234578901,https://flagcdn.com/gb.svg,United Kingdom
494,Mohammed Ali,mohammedali@yahoo.com,987543210,https://flagcdn.com/eg.svg,Egypt
495,Maria Rodriguez,maria@gmail.com,1098765321,https://flagcdn.com/es.svg,Spain
496,Li Mei,li.mei@hotmail.com,102934756,https://flagcdn.com/cn.svg,China
497,Khadija Ahmed,khadija@gmail.com,1023457890,https://flagcdn.com/sd.svg,Sudan
498,Gabriel Silva,gabriel@gmail.com,109283465,https://flagcdn.com/br.svg,Brazil
499,Maria Gomez,maria@example.com,108765421,https://flagcdn.com/mx.svg,Mexico
500,Ahmed Hassan,ahmed@gmail.com,1077777777,https://flagcdn.com/eg.svg,Egypt
501,John Doe,johndoe@gmail.com,3245908744,https://flagcdn.com/us.svg,United States
502,Fatima Ahmed,fatima@example.com,1089999363,https://flagcdn.com/pk.svg,Pakistan
503,David Smith,david@gmail.com,44450960283,https://flagcdn.com/au.svg,Australia
504,Marie Dupont,marie@gmail.com,06934233728,https://flagcdn.com/fr.svg,France
505,Ramesh Patel,ramesh@gmail.com,9875412303,https://flagcdn.com/in.svg,India
506,Fatimah Al-Sayed,fatimah@gmail.com,0123456789,https://flagcdn.com/kw.svg,Kuwait
507,Nina Williams,nina@hotmail.com,2345678901,https://flagcdn.com/za.svg,South Africa
508,Taro Tanaka,taro@gmail.com,3456789012,https://flagcdn.com/jp.svg,Japan
509,Abdul Rahman,abdul@gmail.com,4567890123,https://flagcdn.com/sa.svg,Saudi Arabia
510,Julie Nguyen,julie@gmail.com,5678901234,https://flagcdn.com/vn.svg,Vietnam
511,Sara Lee,sara@gmail.com,6789012345,https://flagcdn.com/kr.svg,South Korea
512,Carlos Gomez,carlos@yahoo.com,7890123456,https://flagcdn.com/co.svg,Colombia
513,Emma Brown,emma@gmail.com,8901234567,https://flagcdn.com/ca.svg,Canada
514,Juan Hernandez,juan@yahoo.com,4343433333,https://flagcdn.com/ar.svg,Argentina
515,Ibrahim Ahmed,ibrahim@yahoo.com,2345678009,https://flagcdn.com/ng.svg,Nigeria
516,Mei Chen,mei@gmail.com,3456117890,https://flagcdn.com/tw.svg,Taiwan
517,Mazen Mohamed,ma3en.mohamed@gmail.com,302010,https://flagcdn.com/eg.svg,Egypt
518,sleem mohamed,sm1187026@gmail.com,,,